size,date
4.8,2010-03
3,2010-03
5.56,2010-03
3.74,2010-03
4.1,2010-03
2.21,2010-03
2.75,2010-03
3.18,2010-03
2.56,2010-03
4.36,2010-03
3.27,2010-03
4.97,2010-03
4.86,2010-03
3.48,2010-03
2.96,2010-03
4.34,2010-03
3.17,2010-03
3.8,2010-03
4.91,2010-03
4.16,2010-03
5.06,2010-03
4.82,2010-03
4.54,2010-03
3.61,2010-03
3.79,2010-03
5.03,2010-03
3.23,2010-03
2.99,2010-03
6.52,2010-03
5.26,2010-03
4.03,2010-03
3.93,2010-03
3.07,2010-03
2.49,2010-03
5.1,2010-03
3.7,2010-03
3.33,2010-03
5.55,2010-03
4.88,2010-03
3.38,2010-03
4.74,2010-03
2.71,2010-03
2.61,2010-03
4.58,2010-03
3.01,2010-03
3.13,2010-03
4.33,2010-03
4.1,2010-03
6.42,2010-03
5.48,2010-03
3.39,2010-03
5.07,2010-03
3.19,2010-03
3.13,2010-03
3.54,2010-03
2.88,2010-03
2.57,2010-03
2.97,2010-03
5.53,2010-03
2.97,2010-03
3.46,2010-03
4.47,2010-03
2.64,2010-03
6.51,2010-03
4.16,2010-03
4.66,2010-03
2.81,2010-03
3.16,2010-03
3.91,2010-03
3.31,2010-03
3.5,2010-03
4.39,2010-03
3.56,2010-03
3.83,2010-03
4.72,2010-03
2.25,2010-03
4.2,2010-03
4.1,2010-03
2.84,2010-03
3.35,2010-03
5.68,2010-03
2.01,2010-03
3.73,2010-03
4.66,2010-03
1.54,2010-03
3.75,2010-03
4.41,2010-03
5.8,2010-03
3.6,2010-03
5.16,2010-03
3.69,2010-03
3.54,2010-03
4.9,2010-03
4.17,2010-03
4,2010-03
3.99,2010-03
3.91,2010-03
4.7,2010-03
6.56,2010-03
3.72,2010-03
2.34,2010-03
2.6,2010-03
2.57,2010-03
4.15,2010-03
4.36,2010-03
5.72,2010-03
4.34,2010-03
2.29,2010-03
5.25,2010-03
4.71,2010-03
4.06,2010-03
2.68,2010-03
4.29,2010-03
4.39,2010-03
3.63,2010-03
2.5,2010-03
3.25,2010-03
7.18,2010-03
6.19,2010-03
2.81,2010-03
2.76,2010-03
3.04,2010-03
3.06,2010-03
4.29,2010-03
4.77,2010-03
4.63,2010-03
1.27,2010-03
4.24,2010-03
6.38,2010-03
3.62,2010-03
1.44,2010-03
4.66,2010-03
4.13,2010-03
3.35,2010-03
4.66,2010-03
3.35,2010-03
3.99,2010-03
3.29,2010-03
2.19,2010-03
4.51,2010-03
0.79,2010-03
2.34,2010-03
4.57,2010-03
4.61,2010-03
3.41,2010-03
5.15,2010-03
4.32,2010-03
4.77,2010-03
5.33,2010-03
4.01,2010-03
3.39,2010-03
3.01,2010-03
4.95,2010-03
6.19,2010-03
5.35,2010-03
3.98,2010-03
5.39,2010-03
3.03,2010-03
3.7,2010-03
4.05,2010-03
4.15,2010-03
5.81,2010-03
2.79,2010-03
2.46,2010-03
4.32,2010-03
4.31,2010-03
4.84,2010-03
4,2010-03
2.33,2010-03
3,2010-03
4.77,2010-03
7.28,2010-03
2.5,2010-03
3.46,2010-03
3.34,2010-03
3.11,2010-03
4.26,2010-03
4.12,2010-03
5.43,2010-03
4.81,2010-03
4.28,2010-03
4.57,2010-03
5.3,2010-03
2.62,2010-03
1.62,2010-03
2.68,2010-03
3.35,2010-03
4.83,2010-03
4.61,2010-03
1.16,2010-03
3.33,2010-03
3.62,2010-03
5.54,2010-03
3.57,2010-03
2.82,2010-03
3.92,2010-03
4.32,2010-03
4.52,2010-03
4.31,2010-03
2.95,2010-03
5.53,2010-03
6.13,2010-03
3.83,2010-03
1.3,2010-03
6.31,2010-03
5.57,2010-03
3.68,2010-03
5.89,2010-03
4.78,2010-03
5.55,2010-03
3.31,2010-03
3.23,2010-03
4.18,2010-03
2.96,2010-03
4.09,2010-03
4.19,2010-03
3.92,2010-03
3.64,2010-03
2.22,2010-03
3.75,2010-03
3.97,2010-03
3.97,2010-03
10.14,2010-03
10.73,2010-03
8.03,2010-03
9.94,2010-03
8.49,2010-03
9.7,2010-03
7.92,2010-03
9.25,2010-03
12.6,2010-03
6.71,2010-03
10.06,2010-03
7.19,2010-03
8.79,2010-03
9.02,2010-03
6.65,2010-03
8.84,2010-03
11.75,2010-03
8.84,2010-03
7.74,2010-03
10.27,2010-03
9.12,2010-03
7.75,2010-03
7.51,2010-03
11.44,2010-03
10.5,2010-03
8.85,2010-03
7.78,2010-03
7.92,2010-03
7.36,2010-03
7.04,2010-03
9.65,2010-03
10.43,2010-03
9.72,2010-03
9.35,2010-03
7.25,2010-03
9.65,2010-03
9.24,2010-03
7.56,2010-03
9.61,2010-03
9.91,2010-03
8.92,2010-03
9.31,2010-03
10.9,2010-03
7.74,2010-03
9.59,2010-03
5.61,2010-03
9.52,2010-03
8.7,2010-03
11.79,2010-03
8.92,2010-03
12.32,2010-03
8.12,2010-03
9.22,2010-03
9.12,2010-03
9.89,2010-03
9.25,2010-03
10.41,2010-03
9.42,2010-03
7.92,2010-03
10.38,2010-03
10.5,2010-03
9.45,2010-03
8.68,2010-03
8.36,2010-03
8.54,2010-03
6.67,2010-03
10.21,2010-03
5.15,2010-03
10.89,2010-03
7.83,2010-03
8.11,2010-03
8.21,2010-03
7.88,2010-03
8.12,2010-03
10.82,2010-03
7.54,2010-03
6.49,2010-03
10.11,2010-03
6.1,2010-03
8.79,2010-03
11.74,2010-03
10.37,2010-03
8.21,2010-03
8.18,2010-03
5.63,2010-03
9.72,2010-03
6.27,2010-03
8.12,2010-03
10.14,2010-03
10.22,2010-03
9.22,2010-03
11.68,2010-03
9.61,2010-03
10.02,2010-03
9.16,2010-03
6.81,2010-03
7.85,2010-03
8.56,2010-03
11.05,2010-03
9.02,2010-03
8.7,2010-03
9.33,2010-03
8.8,2010-03
7.98,2010-03
9.41,2010-03
8.02,2010-03
5.84,2010-03
6.14,2010-03
6.35,2010-03
8.84,2010-03
7.48,2010-03
9.42,2010-03
9.8,2010-03
9.3,2010-03
9.34,2010-03
8.15,2010-03
11.2,2010-03
9.55,2010-03
7.86,2010-03
7.84,2010-03
6.71,2010-03
10.59,2010-03
19.47,2010-03
17.67,2010-03
16.15,2010-03
15.8,2010-03
18.59,2010-03
19.06,2010-03
19.63,2010-03
21.28,2010-03
20.07,2010-03
19.42,2010-03
17.84,2010-03
16.31,2010-03
19.17,2010-03
21.97,2010-03
15.85,2010-03
19.41,2010-03
15.8,2010-03
21.1,2010-03
16.87,2010-03
19.82,2010-03
16.73,2010-03
18,2010-03
16.3,2010-03
16.88,2010-03
18.92,2010-03
14.25,2010-03
17.27,2010-03
16.95,2010-03
17.85,2010-03
19.98,2010-03
19.33,2010-03
17.34,2010-03
15.89,2010-03
21.43,2010-03
15.34,2010-03
18.92,2010-03
20.3,2010-03
19.8,2010-03
19.76,2010-03
21.45,2010-03
17.12,2010-03
20.25,2010-03
18.03,2010-03
20.23,2010-03
17.5,2010-03
17.83,2010-03
17.87,2010-03
16.08,2010-03
14.38,2010-03
14.16,2010-03
18.67,2010-03
16.43,2010-03
17.26,2010-03
23.25,2010-03
18.32,2010-03
20.65,2010-03
18.32,2010-03
16.4,2010-03
17.13,2010-03
19.54,2010-03
17.76,2010-03
17.3,2010-03
19.38,2010-03
14.61,2010-03
17.38,2010-03
13.24,2010-03
20.99,2010-03
25.1,2010-03
28.03,2010-03
29.24,2010-03
26.16,2010-03
31.22,2010-03
26.84,2010-03
25.07,2010-03
29.49,2010-03
27.44,2010-03
29.67,2010-03
25.33,2010-03
24.71,2010-03
29.77,2010-03
25.53,2010-03
29.25,2010-03
24.88,2010-03
26.96,2010-03
31.41,2010-03
22.03,2010-03
26.88,2010-03
24.89,2010-03
29.03,2010-03
27.63,2010-03
28.49,2010-03
24.25,2010-03
29.67,2010-03
28.31,2010-03
30.29,2010-03
28.25,2010-03
28.45,2010-03
30.74,2010-03
22.76,2010-03
29.77,2010-03
28.39,2010-03
26.54,2010-03
28.12,2010-03
31.61,2010-03
37.2,2010-03
36.51,2010-03
34.05,2010-03
34.92,2010-03
32.92,2010-03
38.35,2010-03
33.97,2010-03
32.46,2010-03
33.04,2010-03
33.52,2010-03
32.76,2010-03
34.7,2010-03
33.46,2010-03
30.41,2010-03
36.12,2010-03
35.45,2010-03
31.88,2010-03
38.98,2010-03
37.4,2010-03
26.82,2010-03
6.73,2010-09
5.57,2010-09
6.21,2010-09
5.75,2010-09
7.01,2010-09
4,2010-09
4.51,2010-09
7.07,2010-09
4.87,2010-09
5.88,2010-09
7.87,2010-09
5.44,2010-09
5.57,2010-09
5.9,2010-09
6.25,2010-09
6.77,2010-09
5.78,2010-09
5.7,2010-09
5.89,2010-09
6.5,2010-09
5.15,2010-09
3.92,2010-09
5.44,2010-09
4.17,2010-09
6.08,2010-09
3.24,2010-09
6.21,2010-09
7.18,2010-09
6.79,2010-09
6.41,2010-09
5.26,2010-09
6.11,2010-09
8.22,2010-09
7.43,2010-09
8.47,2010-09
5.37,2010-09
5.27,2010-09
5.57,2010-09
5.97,2010-09
5.18,2010-09
6.27,2010-09
8.97,2010-09
6.01,2010-09
7.34,2010-09
6.75,2010-09
4.72,2010-09
7.69,2010-09
5.48,2010-09
6.42,2010-09
4.37,2010-09
5.65,2010-09
6.39,2010-09
7.38,2010-09
4.87,2010-09
5.8,2010-09
6.05,2010-09
6.61,2010-09
8.6,2010-09
6.31,2010-09
6.63,2010-09
5.69,2010-09
4.53,2010-09
4.03,2010-09
7.26,2010-09
6.47,2010-09
4.44,2010-09
6.92,2010-09
4.79,2010-09
6.06,2010-09
6.04,2010-09
7.04,2010-09
8.59,2010-09
8.68,2010-09
2.22,2010-09
5.2,2010-09
5.91,2010-09
8.23,2010-09
8.27,2010-09
5.77,2010-09
5.47,2010-09
8.58,2010-09
7.16,2010-09
6.8,2010-09
8.04,2010-09
4.2,2010-09
8.86,2010-09
5.94,2010-09
7.39,2010-09
5.6,2010-09
4.1,2010-09
8.64,2010-09
4.28,2010-09
9.36,2010-09
7.37,2010-09
7.52,2010-09
5.79,2010-09
5.76,2010-09
6.35,2010-09
5.09,2010-09
8.12,2010-09
4.13,2010-09
6.02,2010-09
5.26,2010-09
5.86,2010-09
7.29,2010-09
5.71,2010-09
5.89,2010-09
5.98,2010-09
3.4,2010-09
6.25,2010-09
7.74,2010-09
5.97,2010-09
7.3,2010-09
6.76,2010-09
5.53,2010-09
3.29,2010-09
6.15,2010-09
7.91,2010-09
6.27,2010-09
5.16,2010-09
6.73,2010-09
8.51,2010-09
8.73,2010-09
6.83,2010-09
5.63,2010-09
5.56,2010-09
6.34,2010-09
13.21,2010-09
12.15,2010-09
12.68,2010-09
11.24,2010-09
13.53,2010-09
13.47,2010-09
12.92,2010-09
11.48,2010-09
12.96,2010-09
16.06,2010-09
12.46,2010-09
15.39,2010-09
11.85,2010-09
11.64,2010-09
12.12,2010-09
14.25,2010-09
12,2010-09
14.36,2010-09
12.23,2010-09
14.74,2010-09
11.21,2010-09
14.89,2010-09
10.73,2010-09
9.64,2010-09
12.62,2010-09
8.8,2010-09
12.44,2010-09
14.7,2010-09
15.32,2010-09
13.93,2010-09
13.67,2010-09
13.97,2010-09
13.66,2010-09
16.27,2010-09
14.76,2010-09
11.49,2010-09
11.1,2010-09
10.7,2010-09
14.18,2010-09
13.61,2010-09
18.42,2010-09
12.14,2010-09
14.7,2010-09
13.35,2010-09
12.41,2010-09
11.48,2010-09
11.31,2010-09
8.96,2010-09
14.86,2010-09
11.97,2010-09
12.92,2010-09
12.26,2010-09
13.36,2010-09
12.58,2010-09
10.66,2010-09
14.33,2010-09
14.68,2010-09
9.33,2010-09
16.59,2010-09
14.56,2010-09
12.04,2010-09
13.63,2010-09
13.69,2010-09
11.86,2010-09
12.68,2010-09
14.35,2010-09
15.11,2010-09
14.38,2010-09
10.42,2010-09
11.46,2010-09
19.98,2010-09
23.17,2010-09
22.2,2010-09
22.7,2010-09
20.38,2010-09
24.04,2010-09
23.89,2010-09
21.63,2010-09
25.87,2010-09
21.22,2010-09
22.56,2010-09
18.72,2010-09
22.21,2010-09
20.59,2010-09
21.79,2010-09
24.36,2010-09
22.43,2010-09
23.12,2010-09
19.19,2010-09
23,2010-09
20.72,2010-09
21.19,2010-09
22.49,2010-09
23.12,2010-09
22.44,2010-09
22.28,2010-09
23.58,2010-09
22.91,2010-09
27.1,2010-09
23.47,2010-09
24.04,2010-09
20.89,2010-09
21.1,2010-09
23.07,2010-09
23.71,2010-09
19.77,2010-09
23.3,2010-09
20.32,2010-09
29.5,2010-09
35.03,2010-09
33.29,2010-09
31.73,2010-09
31.04,2010-09
30.2,2010-09
30.53,2010-09
32.96,2010-09
34.1,2010-09
29.41,2010-09
35.89,2010-09
31.75,2010-09
33.12,2010-09
33.82,2010-09
33.68,2010-09
29.68,2010-09
29.54,2010-09
32.48,2010-09
33.51,2010-09
33.08,2010-09
31.24,2010-09
35.67,2010-09
37.17,2010-09
32.37,2010-09
34.07,2010-09
38.91,2010-09
34.38,2010-09
35.99,2010-09
32.69,2010-09
32.98,2010-09
34.74,2010-09
36.83,2010-09
33.55,2010-09
2.79,2011-03
2.32,2011-03
4.21,2011-03
3.45,2011-03
4.01,2011-03
1.35,2011-03
3.85,2011-03
4.44,2011-03
3.33,2011-03
5.32,2011-03
4.14,2011-03
4.97,2011-03
2.47,2011-03
2.18,2011-03
3.29,2011-03
5.66,2011-03
3.46,2011-03
4.03,2011-03
4.62,2011-03
3.91,2011-03
4.65,2011-03
2.27,2011-03
5.19,2011-03
4.2,2011-03
2.13,2011-03
5.87,2011-03
1.98,2011-03
5.13,2011-03
4.86,2011-03
4.83,2011-03
4.54,2011-03
4.73,2011-03
5.63,2011-03
4.16,2011-03
2.85,2011-03
3.28,2011-03
5.67,2011-03
2.22,2011-03
3.4,2011-03
4.75,2011-03
3.19,2011-03
4.41,2011-03
3.24,2011-03
3.57,2011-03
3.7,2011-03
2.02,2011-03
3.27,2011-03
3.91,2011-03
4.62,2011-03
2.38,2011-03
2.57,2011-03
4.81,2011-03
4.33,2011-03
4.68,2011-03
2.52,2011-03
5.15,2011-03
1.39,2011-03
4.16,2011-03
1.76,2011-03
4.28,2011-03
1.43,2011-03
2.71,2011-03
2.47,2011-03
5.68,2011-03
3.54,2011-03
3.71,2011-03
2.57,2011-03
3.49,2011-03
3.28,2011-03
4.02,2011-03
3.06,2011-03
3.79,2011-03
2.59,2011-03
4.05,2011-03
3.52,2011-03
4.44,2011-03
2.28,2011-03
5.15,2011-03
3.11,2011-03
3.9,2011-03
4.33,2011-03
5.57,2011-03
5.05,2011-03
3.26,2011-03
1.53,2011-03
4.36,2011-03
3.96,2011-03
4.63,2011-03
5.13,2011-03
4.96,2011-03
1.96,2011-03
4.62,2011-03
4.42,2011-03
3.45,2011-03
2.49,2011-03
3.87,2011-03
4.77,2011-03
3.87,2011-03
4.28,2011-03
2.75,2011-03
5.1,2011-03
3.73,2011-03
3.23,2011-03
3.31,2011-03
6.2,2011-03
4.66,2011-03
1.82,2011-03
3.81,2011-03
4.68,2011-03
2.65,2011-03
4.02,2011-03
5.16,2011-03
3.71,2011-03
5.19,2011-03
3.79,2011-03
3.09,2011-03
5.83,2011-03
3.21,2011-03
4.32,2011-03
1.97,2011-03
5.01,2011-03
1.02,2011-03
2.83,2011-03
2.55,2011-03
3.21,2011-03
3.54,2011-03
3.67,2011-03
4.28,2011-03
3.51,2011-03
4.12,2011-03
3.58,2011-03
3.53,2011-03
5.51,2011-03
3.24,2011-03
3.31,2011-03
4.08,2011-03
5.01,2011-03
4.13,2011-03
3.62,2011-03
3.77,2011-03
3.77,2011-03
4.57,2011-03
3.92,2011-03
2.82,2011-03
5.61,2011-03
2.85,2011-03
2.23,2011-03
2.6,2011-03
3.81,2011-03
3.65,2011-03
4.57,2011-03
6.1,2011-03
4.68,2011-03
4.31,2011-03
4.19,2011-03
6.5,2011-03
4.57,2011-03
2.32,2011-03
2.88,2011-03
2.27,2011-03
1.71,2011-03
5.2,2011-03
2.65,2011-03
3.19,2011-03
2.09,2011-03
2.93,2011-03
2.9,2011-03
1.68,2011-03
4.44,2011-03
3.79,2011-03
3.58,2011-03
6.5,2011-03
2.14,2011-03
4.54,2011-03
5.84,2011-03
1.7,2011-03
3.94,2011-03
5.07,2011-03
3.91,2011-03
3.27,2011-03
3.74,2011-03
6.49,2011-03
7.75,2011-03
4.82,2011-03
4.58,2011-03
5.27,2011-03
4.91,2011-03
5.51,2011-03
2.37,2011-03
6.11,2011-03
3.7,2011-03
3.48,2011-03
2.38,2011-03
4.57,2011-03
4.79,2011-03
3.1,2011-03
5.42,2011-03
3.15,2011-03
4.81,2011-03
2.98,2011-03
3.34,2011-03
4.25,2011-03
2.33,2011-03
4.03,2011-03
3.38,2011-03
2.85,2011-03
2.88,2011-03
4.76,2011-03
3.54,2011-03
4.59,2011-03
3.16,2011-03
3.2,2011-03
2.13,2011-03
3.9,2011-03
3.07,2011-03
4.92,2011-03
3.76,2011-03
3.37,2011-03
4.31,2011-03
4.73,2011-03
3.59,2011-03
2.65,2011-03
4.3,2011-03
5.49,2011-03
3.43,2011-03
4.02,2011-03
3.9,2011-03
2.85,2011-03
8.02,2011-03
6.8,2011-03
9.66,2011-03
7.99,2011-03
9.55,2011-03
10.85,2011-03
12.71,2011-03
6.12,2011-03
7.98,2011-03
9.55,2011-03
7.45,2011-03
9.11,2011-03
8.03,2011-03
8.01,2011-03
10.41,2011-03
8.69,2011-03
7.35,2011-03
9.81,2011-03
10.67,2011-03
7.65,2011-03
4.42,2011-03
9.04,2011-03
10.38,2011-03
9.76,2011-03
9.79,2011-03
10.42,2011-03
8.45,2011-03
10.05,2011-03
8.16,2011-03
11.41,2011-03
8.87,2011-03
7.28,2011-03
7.17,2011-03
9.11,2011-03
8.68,2011-03
7.7,2011-03
10.52,2011-03
6.74,2011-03
7.55,2011-03
7.65,2011-03
8.56,2011-03
10.23,2011-03
10.64,2011-03
8.42,2011-03
7.75,2011-03
9.92,2011-03
6.89,2011-03
11.25,2011-03
8.83,2011-03
9.66,2011-03
9.15,2011-03
7.82,2011-03
11.97,2011-03
9.23,2011-03
9.29,2011-03
7.94,2011-03
13.11,2011-03
8.38,2011-03
6.74,2011-03
9.12,2011-03
5.73,2011-03
9.1,2011-03
7.62,2011-03
9.24,2011-03
10.19,2011-03
9.17,2011-03
6.61,2011-03
9.81,2011-03
9.31,2011-03
7.41,2011-03
9.38,2011-03
12.03,2011-03
5.47,2011-03
7.88,2011-03
6.9,2011-03
7.49,2011-03
7.28,2011-03
11.17,2011-03
7.86,2011-03
10.32,2011-03
10.73,2011-03
11.63,2011-03
10.27,2011-03
7.94,2011-03
9.6,2011-03
10.42,2011-03
5.77,2011-03
9.7,2011-03
11.87,2011-03
8.87,2011-03
9.53,2011-03
10.13,2011-03
8.12,2011-03
10.07,2011-03
8.64,2011-03
6.32,2011-03
8.09,2011-03
8.71,2011-03
11.22,2011-03
8.12,2011-03
10.62,2011-03
8.41,2011-03
10.38,2011-03
9.6,2011-03
10.98,2011-03
10.39,2011-03
9.73,2011-03
7.18,2011-03
9.37,2011-03
8.4,2011-03
9.24,2011-03
10.09,2011-03
10.5,2011-03
11.5,2011-03
11.31,2011-03
9.06,2011-03
10.05,2011-03
7.06,2011-03
7.61,2011-03
11.32,2011-03
10.05,2011-03
11.92,2011-03
6.61,2011-03
7.89,2011-03
10.59,2011-03
13.94,2011-03
18.24,2011-03
18.61,2011-03
18.24,2011-03
15.88,2011-03
19.35,2011-03
16.16,2011-03
14.54,2011-03
14.77,2011-03
16.82,2011-03
16.8,2011-03
19.01,2011-03
17.58,2011-03
16.79,2011-03
14.46,2011-03
17.65,2011-03
20.9,2011-03
16.72,2011-03
14.35,2011-03
20.16,2011-03
18.96,2011-03
18.28,2011-03
20.33,2011-03
18.64,2011-03
19.37,2011-03
16.54,2011-03
19.45,2011-03
16.89,2011-03
17.9,2011-03
17.49,2011-03
13.64,2011-03
18.78,2011-03
19.89,2011-03
16.93,2011-03
15.76,2011-03
16.41,2011-03
18.35,2011-03
17.47,2011-03
20.28,2011-03
18.96,2011-03
17.14,2011-03
22.39,2011-03
18.74,2011-03
16.97,2011-03
21.64,2011-03
16.66,2011-03
16.38,2011-03
17.12,2011-03
17.97,2011-03
17.18,2011-03
18.39,2011-03
17.57,2011-03
16.77,2011-03
18.28,2011-03
19.28,2011-03
19.84,2011-03
19.4,2011-03
18.56,2011-03
15.43,2011-03
19.82,2011-03
21,2011-03
18.92,2011-03
19.16,2011-03
11.82,2011-03
17.78,2011-03
14.91,2011-03
14.55,2011-03
19.68,2011-03
18.28,2011-03
24.15,2011-03
23.95,2011-03
25.16,2011-03
28.35,2011-03
29.2,2011-03
28.08,2011-03
25.42,2011-03
25.24,2011-03
28.38,2011-03
26.75,2011-03
27.08,2011-03
29.62,2011-03
27.41,2011-03
23.99,2011-03
26.14,2011-03
26.7,2011-03
26.9,2011-03
26.14,2011-03
25.04,2011-03
26.33,2011-03
28.26,2011-03
31.41,2011-03
26.62,2011-03
32.27,2011-03
23.23,2011-03
24.91,2011-03
28.42,2011-03
27.26,2011-03
24.93,2011-03
28.1,2011-03
28.39,2011-03
23.07,2011-03
28.67,2011-03
31.56,2011-03
24.13,2011-03
23.19,2011-03
27.33,2011-03
29.37,2011-03
35.3,2011-03
31.01,2011-03
34.42,2011-03
31.33,2011-03
35.73,2011-03
35.65,2011-03
30.75,2011-03
35.85,2011-03
33.64,2011-03
31.32,2011-03
34.61,2011-03
34.9,2011-03
35.52,2011-03
35.63,2011-03
30.14,2011-03
31.33,2011-03
35.38,2011-03
35.69,2011-03
32.5,2011-03
28.55,2011-03
35.45,2011-03
5.79,2011-09
7.61,2011-09
7.11,2011-09
5.92,2011-09
8.63,2011-09
8.18,2011-09
5.35,2011-09
7.53,2011-09
7.35,2011-09
4.56,2011-09
5.99,2011-09
8.59,2011-09
7.57,2011-09
6.66,2011-09
5.65,2011-09
6.01,2011-09
4.71,2011-09
4.94,2011-09
5.8,2011-09
6.63,2011-09
4.74,2011-09
7.54,2011-09
6.18,2011-09
6.77,2011-09
6.03,2011-09
6.65,2011-09
7.12,2011-09
6.89,2011-09
7.23,2011-09
4.98,2011-09
4.97,2011-09
4.16,2011-09
5.73,2011-09
5.07,2011-09
5.46,2011-09
8.59,2011-09
7.99,2011-09
3.37,2011-09
6.81,2011-09
3.31,2011-09
6.65,2011-09
2.87,2011-09
5.66,2011-09
6.04,2011-09
5.56,2011-09
5.07,2011-09
4.46,2011-09
4.72,2011-09
5.5,2011-09
5.63,2011-09
5.53,2011-09
6.71,2011-09
5.03,2011-09
6.51,2011-09
5.45,2011-09
8.75,2011-09
4.87,2011-09
5.66,2011-09
2.21,2011-09
7.13,2011-09
7.82,2011-09
4.28,2011-09
4.4,2011-09
6.56,2011-09
6.62,2011-09
5.15,2011-09
6.41,2011-09
4.7,2011-09
7.02,2011-09
6.43,2011-09
6.67,2011-09
8.07,2011-09
6.47,2011-09
6.57,2011-09
5.06,2011-09
6.8,2011-09
7.21,2011-09
6.85,2011-09
7.94,2011-09
4.52,2011-09
5.08,2011-09
6.18,2011-09
7.18,2011-09
5.7,2011-09
4.63,2011-09
8.69,2011-09
4.85,2011-09
6.53,2011-09
5.53,2011-09
6.27,2011-09
5.63,2011-09
8.55,2011-09
8.08,2011-09
5.69,2011-09
5.73,2011-09
6.14,2011-09
6.4,2011-09
3.42,2011-09
6.89,2011-09
9.26,2011-09
3.62,2011-09
7.71,2011-09
6.28,2011-09
8.41,2011-09
5.65,2011-09
6.15,2011-09
5.1,2011-09
3.57,2011-09
5.04,2011-09
8.88,2011-09
5.6,2011-09
4.14,2011-09
4.31,2011-09
5.71,2011-09
7.39,2011-09
7.81,2011-09
6.57,2011-09
7.99,2011-09
5.03,2011-09
4.56,2011-09
5.26,2011-09
7.34,2011-09
6.96,2011-09
6.08,2011-09
5.19,2011-09
9.3,2011-09
7.76,2011-09
6.13,2011-09
4.39,2011-09
5.76,2011-09
5.01,2011-09
12.56,2011-09
11.21,2011-09
13.95,2011-09
9.23,2011-09
13.15,2011-09
11.85,2011-09
14.56,2011-09
12.49,2011-09
13.73,2011-09
16.47,2011-09
14.38,2011-09
12.43,2011-09
14.99,2011-09
12.47,2011-09
14.24,2011-09
11.58,2011-09
14.7,2011-09
12.28,2011-09
13.75,2011-09
13.96,2011-09
10.4,2011-09
9.43,2011-09
14.92,2011-09
17.62,2011-09
11.04,2011-09
14.94,2011-09
10.48,2011-09
10.37,2011-09
13.73,2011-09
13.07,2011-09
14.97,2011-09
10.95,2011-09
14.76,2011-09
11.22,2011-09
11.94,2011-09
12.48,2011-09
13.51,2011-09
15.19,2011-09
12.9,2011-09
13.24,2011-09
14.47,2011-09
14.5,2011-09
10.2,2011-09
14.37,2011-09
12.69,2011-09
14.9,2011-09
12.41,2011-09
15.2,2011-09
14.62,2011-09
12.42,2011-09
11.55,2011-09
16.93,2011-09
11.7,2011-09
12.5,2011-09
13.06,2011-09
10.57,2011-09
17.52,2011-09
13.29,2011-09
13.12,2011-09
14.63,2011-09
11.68,2011-09
14.16,2011-09
14.52,2011-09
11.37,2011-09
11.74,2011-09
13.15,2011-09
12.55,2011-09
13.49,2011-09
13.22,2011-09
12.5,2011-09
10.09,2011-09
12.01,2011-09
26.1,2011-09
24.91,2011-09
20.15,2011-09
24.79,2011-09
23.13,2011-09
26.01,2011-09
23.15,2011-09
25.64,2011-09
21.13,2011-09
21.55,2011-09
20.12,2011-09
20.72,2011-09
21.66,2011-09
21.98,2011-09
25.35,2011-09
20.54,2011-09
23.7,2011-09
21.27,2011-09
22.82,2011-09
26.52,2011-09
21.04,2011-09
26.09,2011-09
21.84,2011-09
26.23,2011-09
21.29,2011-09
22.21,2011-09
21.08,2011-09
21.98,2011-09
23.6,2011-09
25.11,2011-09
23.85,2011-09
21.29,2011-09
23.58,2011-09
20.38,2011-09
26.32,2011-09
23.69,2011-09
22.53,2011-09
23.78,2011-09
22.64,2011-09
30.03,2011-09
30.75,2011-09
30.13,2011-09
27.43,2011-09
27.58,2011-09
26.5,2011-09
28.88,2011-09
32.22,2011-09
25.76,2011-09
34.44,2011-09
38.86,2011-09
28.34,2011-09
31.76,2011-09
29.55,2011-09
31.54,2011-09
31.67,2011-09
39.33,2011-09
29.01,2011-09
29.04,2011-09
35.28,2011-09
29.27,2011-09
31.57,2011-09
36.94,2011-09
33.53,2011-09
36.25,2011-09
40.72,2011-09
34.99,2011-09
37.31,2011-09
39.36,2011-09
32.97,2011-09
35.26,2011-09
39.43,2011-09
34.98,2011-09
31.96,2011-09
4.11,2012-03
3.17,2012-03
3.09,2012-03
5.02,2012-03
6.78,2012-03
3.72,2012-03
3.27,2012-03
1.58,2012-03
4.21,2012-03
5.4,2012-03
5.53,2012-03
4.73,2012-03
3.75,2012-03
4.79,2012-03
3.17,2012-03
4.38,2012-03
3.47,2012-03
3,2012-03
4.36,2012-03
5.48,2012-03
4.12,2012-03
3.74,2012-03
4.39,2012-03
1.82,2012-03
4.47,2012-03
4.77,2012-03
3.54,2012-03
2.61,2012-03
5.31,2012-03
3.7,2012-03
3.93,2012-03
4.11,2012-03
4.29,2012-03
3.89,2012-03
4.91,2012-03
5.47,2012-03
5.11,2012-03
2.99,2012-03
6.17,2012-03
4.26,2012-03
2.25,2012-03
5.52,2012-03
3.93,2012-03
4.37,2012-03
3.47,2012-03
3.45,2012-03
3.24,2012-03
3.35,2012-03
4.16,2012-03
4.37,2012-03
3.96,2012-03
3,2012-03
3.97,2012-03
4.15,2012-03
5.47,2012-03
3.27,2012-03
1.13,2012-03
6.01,2012-03
3.57,2012-03
4.16,2012-03
3.41,2012-03
3.1,2012-03
4.78,2012-03
5.89,2012-03
2.27,2012-03
2.83,2012-03
3.32,2012-03
5.32,2012-03
1.49,2012-03
4.77,2012-03
3.6,2012-03
3.69,2012-03
5.86,2012-03
2.6,2012-03
5.29,2012-03
4.92,2012-03
3.3,2012-03
3.26,2012-03
4.71,2012-03
3.23,2012-03
1.76,2012-03
2.53,2012-03
3.4,2012-03
3.19,2012-03
6.2,2012-03
1.57,2012-03
4.89,2012-03
2.48,2012-03
3.61,2012-03
5.41,2012-03
3.93,2012-03
2.49,2012-03
3.8,2012-03
3.64,2012-03
4.85,2012-03
3.52,2012-03
4.38,2012-03
2.57,2012-03
5.75,2012-03
4.4,2012-03
4.54,2012-03
3.12,2012-03
3.97,2012-03
2.33,2012-03
4.44,2012-03
4.68,2012-03
5.95,2012-03
3.87,2012-03
3.93,2012-03
3.08,2012-03
2.97,2012-03
2.3,2012-03
3.05,2012-03
4.43,2012-03
4.33,2012-03
2.07,2012-03
5.52,2012-03
3.34,2012-03
5.17,2012-03
4.29,2012-03
5.03,2012-03
2.95,2012-03
2.86,2012-03
2,2012-03
3.51,2012-03
6.14,2012-03
4.7,2012-03
3.12,2012-03
5.48,2012-03
4.74,2012-03
3.79,2012-03
3.58,2012-03
2.03,2012-03
2.97,2012-03
4.26,2012-03
3.15,2012-03
3.62,2012-03
3.94,2012-03
4.72,2012-03
4.27,2012-03
3.09,2012-03
4.01,2012-03
5.38,2012-03
6.02,2012-03
3,2012-03
4.48,2012-03
2.76,2012-03
3.33,2012-03
3.95,2012-03
3.46,2012-03
3.62,2012-03
3.61,2012-03
3.96,2012-03
4.62,2012-03
3.35,2012-03
3.79,2012-03
2.54,2012-03
3.67,2012-03
3.39,2012-03
3.74,2012-03
4.65,2012-03
5.1,2012-03
4.43,2012-03
5.11,2012-03
3.66,2012-03
2.02,2012-03
2.61,2012-03
3.77,2012-03
4.01,2012-03
3.68,2012-03
2.38,2012-03
3.53,2012-03
3.35,2012-03
4.7,2012-03
5.93,2012-03
3.14,2012-03
4.95,2012-03
2.8,2012-03
5.09,2012-03
3.96,2012-03
3.68,2012-03
4.28,2012-03
4.05,2012-03
1.63,2012-03
3.94,2012-03
4.74,2012-03
4.68,2012-03
6.66,2012-03
4.58,2012-03
4.15,2012-03
3.81,2012-03
3.04,2012-03
5.33,2012-03
4.44,2012-03
5.92,2012-03
2.96,2012-03
4.63,2012-03
3.62,2012-03
2.28,2012-03
3.58,2012-03
3.32,2012-03
4.82,2012-03
4.39,2012-03
5.68,2012-03
6,2012-03
3.93,2012-03
4.02,2012-03
2.44,2012-03
2.08,2012-03
3.17,2012-03
6.51,2012-03
4.89,2012-03
2.74,2012-03
3.69,2012-03
2.23,2012-03
4.16,2012-03
4.35,2012-03
2.48,2012-03
10.25,2012-03
7.08,2012-03
7.28,2012-03
8.05,2012-03
8.68,2012-03
11.97,2012-03
9.02,2012-03
10.26,2012-03
5.69,2012-03
6.98,2012-03
6.94,2012-03
9.67,2012-03
7.43,2012-03
7.86,2012-03
8.68,2012-03
7.03,2012-03
9.49,2012-03
8.28,2012-03
8.68,2012-03
9.44,2012-03
9.12,2012-03
7.26,2012-03
8.29,2012-03
6.88,2012-03
7.99,2012-03
9.37,2012-03
10.5,2012-03
9.35,2012-03
9.94,2012-03
10.86,2012-03
8.93,2012-03
10.77,2012-03
6.27,2012-03
8.24,2012-03
8.64,2012-03
10.78,2012-03
9.05,2012-03
6.76,2012-03
10.76,2012-03
8.31,2012-03
7.67,2012-03
8.66,2012-03
9.53,2012-03
9.32,2012-03
14.3,2012-03
9.9,2012-03
9.61,2012-03
7.79,2012-03
11.46,2012-03
10.68,2012-03
6.36,2012-03
8.7,2012-03
12.4,2012-03
11.77,2012-03
8.36,2012-03
9.7,2012-03
13.34,2012-03
10.2,2012-03
9.66,2012-03
7.66,2012-03
10.68,2012-03
7.37,2012-03
8.42,2012-03
9.2,2012-03
9.79,2012-03
8.04,2012-03
9.72,2012-03
7.6,2012-03
8.21,2012-03
12.01,2012-03
10.18,2012-03
8.89,2012-03
9.13,2012-03
8.9,2012-03
7.94,2012-03
10.47,2012-03
10.33,2012-03
10.79,2012-03
10.8,2012-03
8.19,2012-03
11.31,2012-03
6.62,2012-03
5.85,2012-03
9.71,2012-03
9.05,2012-03
9.95,2012-03
11.04,2012-03
9.34,2012-03
11.25,2012-03
5.64,2012-03
11.04,2012-03
9.17,2012-03
8.74,2012-03
10.09,2012-03
12.46,2012-03
9.21,2012-03
7.59,2012-03
9.42,2012-03
8.24,2012-03
8.48,2012-03
8.8,2012-03
9,2012-03
8.22,2012-03
9.64,2012-03
8.27,2012-03
7.42,2012-03
9.21,2012-03
9.09,2012-03
9.17,2012-03
7.63,2012-03
9.69,2012-03
10.38,2012-03
10.24,2012-03
6.93,2012-03
7.65,2012-03
10.03,2012-03
10.45,2012-03
7.51,2012-03
9.61,2012-03
11.36,2012-03
19.74,2012-03
17.21,2012-03
16.27,2012-03
17.92,2012-03
18.08,2012-03
15.27,2012-03
17.58,2012-03
18.76,2012-03
17.74,2012-03
18.23,2012-03
18.93,2012-03
19.39,2012-03
17.29,2012-03
17.52,2012-03
17.48,2012-03
17.62,2012-03
18.47,2012-03
15.92,2012-03
19.27,2012-03
16.47,2012-03
17.47,2012-03
16.05,2012-03
21.54,2012-03
20.6,2012-03
17.35,2012-03
15.95,2012-03
18.3,2012-03
20.35,2012-03
18.38,2012-03
18.84,2012-03
20.37,2012-03
12.48,2012-03
17.75,2012-03
19.35,2012-03
17.66,2012-03
19.28,2012-03
17.85,2012-03
19.73,2012-03
16.08,2012-03
14.98,2012-03
15.83,2012-03
15.86,2012-03
19.2,2012-03
16.77,2012-03
20.58,2012-03
15.94,2012-03
17.54,2012-03
17.92,2012-03
20.75,2012-03
16.68,2012-03
18.47,2012-03
16.93,2012-03
19.75,2012-03
19.66,2012-03
19.32,2012-03
17.44,2012-03
18.46,2012-03
18.19,2012-03
14.79,2012-03
14,2012-03
16.8,2012-03
17.6,2012-03
20.61,2012-03
14.92,2012-03
20.4,2012-03
20.47,2012-03
29.57,2012-03
27.24,2012-03
25.23,2012-03
26.85,2012-03
30.1,2012-03
28.16,2012-03
25.68,2012-03
23.07,2012-03
25.84,2012-03
25.8,2012-03
25.42,2012-03
25.85,2012-03
28.56,2012-03
25.19,2012-03
31.28,2012-03
28.92,2012-03
29.32,2012-03
29.49,2012-03
30.52,2012-03
30.07,2012-03
29.67,2012-03
30.57,2012-03
27.23,2012-03
31.16,2012-03
26.51,2012-03
30.99,2012-03
25.15,2012-03
26.29,2012-03
29.61,2012-03
26.33,2012-03
31.9,2012-03
29.28,2012-03
27.58,2012-03
28.34,2012-03
32,2012-03
27.29,2012-03
35.09,2012-03
31.22,2012-03
32.52,2012-03
31.64,2012-03
30.43,2012-03
34.29,2012-03
32.79,2012-03
35.77,2012-03
37.06,2012-03
40.56,2012-03
28.95,2012-03
35.42,2012-03
26.78,2012-03
33.47,2012-03
29.85,2012-03
35.51,2012-03
31.18,2012-03
26.88,2012-03
35.52,2012-03
38.63,2012-03
5.53,2012-09
7.82,2012-09
4.54,2012-09
5.37,2012-09
7.58,2012-09
5.77,2012-09
7.34,2012-09
6.88,2012-09
6.33,2012-09
3.48,2012-09
9.01,2012-09
7.37,2012-09
5.81,2012-09
4.78,2012-09
6.55,2012-09
5.6,2012-09
6.67,2012-09
5.94,2012-09
8,2012-09
8.16,2012-09
6.52,2012-09
5.72,2012-09
8.18,2012-09
6.07,2012-09
6.93,2012-09
4.6,2012-09
5.6,2012-09
7.16,2012-09
6.71,2012-09
6.04,2012-09
4.02,2012-09
5.32,2012-09
4.74,2012-09
5.54,2012-09
4.53,2012-09
6.31,2012-09
3.75,2012-09
8.88,2012-09
5.64,2012-09
6.55,2012-09
5.66,2012-09
5.09,2012-09
6.46,2012-09
4.43,2012-09
5.73,2012-09
8.33,2012-09
7.89,2012-09
5.43,2012-09
6.33,2012-09
6.22,2012-09
5.7,2012-09
4.15,2012-09
7.01,2012-09
6.84,2012-09
9.03,2012-09
8.98,2012-09
6.72,2012-09
6.7,2012-09
6.55,2012-09
5.8,2012-09
5.64,2012-09
6.79,2012-09
7.64,2012-09
8.31,2012-09
4.64,2012-09
6.6,2012-09
6.54,2012-09
5.6,2012-09
6.99,2012-09
5.66,2012-09
8.04,2012-09
7.37,2012-09
6.71,2012-09
6.88,2012-09
5.9,2012-09
6.63,2012-09
7.31,2012-09
7.24,2012-09
5.74,2012-09
7.15,2012-09
6.84,2012-09
4.08,2012-09
6.34,2012-09
3.61,2012-09
5.21,2012-09
7.98,2012-09
5.55,2012-09
4.9,2012-09
5.53,2012-09
6.65,2012-09
5.54,2012-09
5.13,2012-09
5.98,2012-09
6.01,2012-09
4.24,2012-09
5.7,2012-09
7.48,2012-09
3.18,2012-09
7.3,2012-09
7.55,2012-09
4.72,2012-09
5,2012-09
5.72,2012-09
6.7,2012-09
8.23,2012-09
6.2,2012-09
8.18,2012-09
8.38,2012-09
8.73,2012-09
6.4,2012-09
4.48,2012-09
6.25,2012-09
3.82,2012-09
4.67,2012-09
7.08,2012-09
3.69,2012-09
6.45,2012-09
6.73,2012-09
6.29,2012-09
6.98,2012-09
5.4,2012-09
3.6,2012-09
8.43,2012-09
5.52,2012-09
7.13,2012-09
5.83,2012-09
12.89,2012-09
12.3,2012-09
11.14,2012-09
13.96,2012-09
14,2012-09
10.96,2012-09
14,2012-09
9.79,2012-09
13.19,2012-09
12.59,2012-09
13.14,2012-09
14.52,2012-09
14.82,2012-09
14.02,2012-09
12.41,2012-09
10.46,2012-09
14.61,2012-09
15.87,2012-09
11.39,2012-09
15.53,2012-09
12.41,2012-09
17.82,2012-09
15.32,2012-09
14.85,2012-09
12.1,2012-09
15,2012-09
12.69,2012-09
11.18,2012-09
13.34,2012-09
11.17,2012-09
8.23,2012-09
13.64,2012-09
10.3,2012-09
14.85,2012-09
12.99,2012-09
14.87,2012-09
13.2,2012-09
13.74,2012-09
12.11,2012-09
12.56,2012-09
12.48,2012-09
14.57,2012-09
14.85,2012-09
13.93,2012-09
16.1,2012-09
13.79,2012-09
11.99,2012-09
16.84,2012-09
13.11,2012-09
12.67,2012-09
12.57,2012-09
13.84,2012-09
16.88,2012-09
16.6,2012-09
12.82,2012-09
13.81,2012-09
10.68,2012-09
13.53,2012-09
13.2,2012-09
12.46,2012-09
14.03,2012-09
12.78,2012-09
12.56,2012-09
15.1,2012-09
12.61,2012-09
11.48,2012-09
11.19,2012-09
13.9,2012-09
11.19,2012-09
22.25,2012-09
20.7,2012-09
19.3,2012-09
23.84,2012-09
24.21,2012-09
20.59,2012-09
22.74,2012-09
23.05,2012-09
29.13,2012-09
24.89,2012-09
19.69,2012-09
25.82,2012-09
22.75,2012-09
25.38,2012-09
22.95,2012-09
25.28,2012-09
24.62,2012-09
24.61,2012-09
26.06,2012-09
21.34,2012-09
21.38,2012-09
22.73,2012-09
23.61,2012-09
24.87,2012-09
21.39,2012-09
20.74,2012-09
21.79,2012-09
19.03,2012-09
20.29,2012-09
22.96,2012-09
22.63,2012-09
19.95,2012-09
24.74,2012-09
20.27,2012-09
20.67,2012-09
21.78,2012-09
20.45,2012-09
23.16,2012-09
29.56,2012-09
36.5,2012-09
35.94,2012-09
36.12,2012-09
31.96,2012-09
33.64,2012-09
31.79,2012-09
33.79,2012-09
33.09,2012-09
31.31,2012-09
31.29,2012-09
35.55,2012-09
30.26,2012-09
30.26,2012-09
34.03,2012-09
33.08,2012-09
29.53,2012-09
33.86,2012-09
33.49,2012-09
28.85,2012-09
34.36,2012-09
38.84,2012-09
36.42,2012-09
36.06,2012-09
34.11,2012-09
34.13,2012-09
35.43,2012-09
32.54,2012-09
29.22,2012-09
34.64,2012-09
40.46,2012-09
37.94,2012-09
2.45,2013-03
3.63,2013-03
4.18,2013-03
6.59,2013-03
5.4,2013-03
3.48,2013-03
4.41,2013-03
4.5,2013-03
2.04,2013-03
3.93,2013-03
4.56,2013-03
5.66,2013-03
3.81,2013-03
6.07,2013-03
5.53,2013-03
2.29,2013-03
3.65,2013-03
5.06,2013-03
7.57,2013-03
4.09,2013-03
4.04,2013-03
1.95,2013-03
3.43,2013-03
4.3,2013-03
3.4,2013-03
5.56,2013-03
2.6,2013-03
4.57,2013-03
4.69,2013-03
4.24,2013-03
5.73,2013-03
4.61,2013-03
5.33,2013-03
2.97,2013-03
2.41,2013-03
2.52,2013-03
4.51,2013-03
5.51,2013-03
3.25,2013-03
3.72,2013-03
3.57,2013-03
3.52,2013-03
3.1,2013-03
4.17,2013-03
4.51,2013-03
2.51,2013-03
4.18,2013-03
3.03,2013-03
4.85,2013-03
0.87,2013-03
6.43,2013-03
4.34,2013-03
3.29,2013-03
5.01,2013-03
2.52,2013-03
4.5,2013-03
3.26,2013-03
3.91,2013-03
2.52,2013-03
5.29,2013-03
3.39,2013-03
2.98,2013-03
4.1,2013-03
4.54,2013-03
3.13,2013-03
5.27,2013-03
3.77,2013-03
4.39,2013-03
4.46,2013-03
2.83,2013-03
4.93,2013-03
4.69,2013-03
3.9,2013-03
3.06,2013-03
4.81,2013-03
2.81,2013-03
3.64,2013-03
5.96,2013-03
3.49,2013-03
5.28,2013-03
3.26,2013-03
1.38,2013-03
4.4,2013-03
2.79,2013-03
2.46,2013-03
4.86,2013-03
6.22,2013-03
4.64,2013-03
5.93,2013-03
5.1,2013-03
4.61,2013-03
3.28,2013-03
5.3,2013-03
5.92,2013-03
3.68,2013-03
4.23,2013-03
5.23,2013-03
3.2,2013-03
4.03,2013-03
3.35,2013-03
3.34,2013-03
6.85,2013-03
2.7,2013-03
3.44,2013-03
3.37,2013-03
2.86,2013-03
4.49,2013-03
4.84,2013-03
6.13,2013-03
3.4,2013-03
5.99,2013-03
4.68,2013-03
4.21,2013-03
4.05,2013-03
2.44,2013-03
3.48,2013-03
5.48,2013-03
2.13,2013-03
3.13,2013-03
4.93,2013-03
5.62,2013-03
5.17,2013-03
2.66,2013-03
6.01,2013-03
4.06,2013-03
4.22,2013-03
4.23,2013-03
4.51,2013-03
5.31,2013-03
6,2013-03
4.65,2013-03
4.16,2013-03
4.51,2013-03
3.49,2013-03
0.24,2013-03
4.46,2013-03
4.27,2013-03
3.32,2013-03
5.37,2013-03
1.95,2013-03
4.36,2013-03
4.99,2013-03
3.77,2013-03
3.59,2013-03
3.45,2013-03
5.5,2013-03
4.07,2013-03
4.26,2013-03
3.95,2013-03
4.52,2013-03
5.66,2013-03
4.58,2013-03
2.93,2013-03
2.72,2013-03
2.93,2013-03
6.42,2013-03
4.39,2013-03
4.6,2013-03
3.6,2013-03
3.81,2013-03
3.64,2013-03
2.9,2013-03
5.3,2013-03
4.27,2013-03
5.08,2013-03
4.29,2013-03
4.83,2013-03
5.45,2013-03
3.45,2013-03
4.4,2013-03
4.51,2013-03
4.73,2013-03
2.94,2013-03
3.48,2013-03
1.32,2013-03
5.93,2013-03
1.31,2013-03
7.32,2013-03
3.97,2013-03
5.36,2013-03
3.81,2013-03
5.76,2013-03
4.93,2013-03
0.98,2013-03
3.25,2013-03
5.14,2013-03
4.59,2013-03
4.13,2013-03
2.29,2013-03
1.75,2013-03
2.82,2013-03
3.09,2013-03
3.48,2013-03
3.52,2013-03
4.06,2013-03
6.95,2013-03
2.71,2013-03
2.47,2013-03
4.04,2013-03
3.7,2013-03
3.49,2013-03
5.2,2013-03
4.24,2013-03
2.79,2013-03
5.52,2013-03
4.48,2013-03
5.49,2013-03
2.64,2013-03
3.84,2013-03
3.89,2013-03
4.36,2013-03
3.2,2013-03
3.1,2013-03
6.43,2013-03
1.46,2013-03
2.63,2013-03
6.19,2013-03
6.39,2013-03
4.33,2013-03
3.31,2013-03
5.15,2013-03
3.17,2013-03
11.66,2013-03
9.98,2013-03
9.51,2013-03
9.72,2013-03
8.39,2013-03
8.65,2013-03
8.18,2013-03
10.43,2013-03
10.37,2013-03
9.03,2013-03
9.54,2013-03
8.89,2013-03
6.95,2013-03
9.73,2013-03
14.94,2013-03
8.29,2013-03
10.17,2013-03
9.57,2013-03
10.66,2013-03
9.78,2013-03
8.25,2013-03
7.04,2013-03
8.43,2013-03
7.97,2013-03
9.5,2013-03
11.83,2013-03
7.49,2013-03
8.2,2013-03
13.81,2013-03
8.05,2013-03
12.39,2013-03
7.62,2013-03
7.89,2013-03
8.75,2013-03
8.47,2013-03
8.04,2013-03
8.55,2013-03
7.57,2013-03
8.97,2013-03
9.01,2013-03
8.97,2013-03
6.2,2013-03
10.11,2013-03
9.26,2013-03
9.59,2013-03
8.94,2013-03
7.71,2013-03
9.67,2013-03
8.97,2013-03
9.01,2013-03
9.62,2013-03
9.01,2013-03
12.1,2013-03
8.65,2013-03
8.26,2013-03
9.16,2013-03
11.97,2013-03
9.1,2013-03
7.8,2013-03
8.89,2013-03
11.04,2013-03
11.28,2013-03
5.82,2013-03
7.17,2013-03
7.68,2013-03
11.61,2013-03
9.75,2013-03
11.07,2013-03
7.72,2013-03
9.05,2013-03
8.86,2013-03
10.73,2013-03
7.01,2013-03
12.03,2013-03
8.81,2013-03
8.71,2013-03
7.97,2013-03
9.49,2013-03
9.31,2013-03
10.21,2013-03
9.78,2013-03
9.3,2013-03
11.18,2013-03
6.48,2013-03
9.31,2013-03
10.09,2013-03
7.96,2013-03
10.15,2013-03
9.58,2013-03
10.33,2013-03
7.12,2013-03
10.49,2013-03
10.29,2013-03
9.11,2013-03
11.48,2013-03
5.27,2013-03
8.85,2013-03
8.2,2013-03
10.63,2013-03
11.8,2013-03
6.99,2013-03
6.84,2013-03
9.52,2013-03
9.5,2013-03
9.49,2013-03
11.52,2013-03
10.86,2013-03
9.94,2013-03
10.93,2013-03
8.44,2013-03
9.96,2013-03
7.27,2013-03
10.76,2013-03
7.4,2013-03
6.64,2013-03
9.21,2013-03
9.59,2013-03
6.86,2013-03
8.44,2013-03
10.6,2013-03
7.12,2013-03
9.72,2013-03
18.9,2013-03
15.38,2013-03
22.5,2013-03
19.22,2013-03
13.46,2013-03
21.58,2013-03
18.45,2013-03
19.61,2013-03
16.99,2013-03
21.22,2013-03
14.59,2013-03
17.17,2013-03
17.3,2013-03
17.87,2013-03
16.82,2013-03
18.96,2013-03
16.51,2013-03
16.16,2013-03
18.21,2013-03
15.84,2013-03
18.99,2013-03
14.65,2013-03
18.04,2013-03
21.65,2013-03
17.23,2013-03
14.59,2013-03
17.67,2013-03
16.87,2013-03
16.4,2013-03
19.66,2013-03
21.58,2013-03
16.53,2013-03
19.27,2013-03
17.02,2013-03
19.93,2013-03
21.23,2013-03
16.99,2013-03
19.25,2013-03
18.99,2013-03
17.35,2013-03
19.29,2013-03
21,2013-03
20.31,2013-03
19.15,2013-03
15.84,2013-03
19.54,2013-03
18.69,2013-03
16.77,2013-03
16.4,2013-03
17.84,2013-03
16.67,2013-03
17.07,2013-03
17.64,2013-03
18.99,2013-03
21.16,2013-03
15.57,2013-03
18.26,2013-03
23.39,2013-03
20.03,2013-03
18.64,2013-03
16.22,2013-03
18.27,2013-03
17.45,2013-03
20.13,2013-03
19.37,2013-03
17,2013-03
18.93,2013-03
26.63,2013-03
21.98,2013-03
31.62,2013-03
27.87,2013-03
25.07,2013-03
31.6,2013-03
26.2,2013-03
26.1,2013-03
22.85,2013-03
28.61,2013-03
32.1,2013-03
25.97,2013-03
29.93,2013-03
26.77,2013-03
26.94,2013-03
27.79,2013-03
27.76,2013-03
22.28,2013-03
24.62,2013-03
27.33,2013-03
25.72,2013-03
27.6,2013-03
22.33,2013-03
25.79,2013-03
28.21,2013-03
26.24,2013-03
28.87,2013-03
27.5,2013-03
24.35,2013-03
26.06,2013-03
24.86,2013-03
28.22,2013-03
25.89,2013-03
28.15,2013-03
27.95,2013-03
28.1,2013-03
28.61,2013-03
29.59,2013-03
32.76,2013-03
26.18,2013-03
36.03,2013-03
33.85,2013-03
35.43,2013-03
33.38,2013-03
30.51,2013-03
31.35,2013-03
30.69,2013-03
34.84,2013-03
35.11,2013-03
33.7,2013-03
35.05,2013-03
33.1,2013-03
36.91,2013-03
34.52,2013-03
32.1,2013-03
38.96,2013-03
33.89,2013-03
7.2,2013-09
4.6,2013-09
5.07,2013-09
7.55,2013-09
6.9,2013-09
7.33,2013-09
4.7,2013-09
5.42,2013-09
5.76,2013-09
7.71,2013-09
6.57,2013-09
6.03,2013-09
7.41,2013-09
8.02,2013-09
8.54,2013-09
6.47,2013-09
9.95,2013-09
4.85,2013-09
6.49,2013-09
3.76,2013-09
7.9,2013-09
4.74,2013-09
8.07,2013-09
3.88,2013-09
6.14,2013-09
4.39,2013-09
5.64,2013-09
7.36,2013-09
4.59,2013-09
7.39,2013-09
7.11,2013-09
7.46,2013-09
6.54,2013-09
6.51,2013-09
5.74,2013-09
6.76,2013-09
9.98,2013-09
5.84,2013-09
8.2,2013-09
4.65,2013-09
6.99,2013-09
7.59,2013-09
5.51,2013-09
4.16,2013-09
5.48,2013-09
5.99,2013-09
4.47,2013-09
6.48,2013-09
5.05,2013-09
8.93,2013-09
6.74,2013-09
4.56,2013-09
5.36,2013-09
5.03,2013-09
6.74,2013-09
8.01,2013-09
4.57,2013-09
5.58,2013-09
5.86,2013-09
6.56,2013-09
7.08,2013-09
5.48,2013-09
4.72,2013-09
6.4,2013-09
6.43,2013-09
6.24,2013-09
7.27,2013-09
5.38,2013-09
6.37,2013-09
8.43,2013-09
6.08,2013-09
7.27,2013-09
2.91,2013-09
7.7,2013-09
4.92,2013-09
5.66,2013-09
5.96,2013-09
6.25,2013-09
8.16,2013-09
6.12,2013-09
6.21,2013-09
5.33,2013-09
6.45,2013-09
5.84,2013-09
7.96,2013-09
6.9,2013-09
3.64,2013-09
7.56,2013-09
6.31,2013-09
5,2013-09
7.3,2013-09
6.81,2013-09
5.72,2013-09
6.18,2013-09
5.38,2013-09
6.9,2013-09
3.5,2013-09
4.82,2013-09
6.76,2013-09
4.41,2013-09
7.55,2013-09
6.76,2013-09
7.85,2013-09
6.62,2013-09
6.43,2013-09
4.36,2013-09
6.56,2013-09
5.01,2013-09
6.09,2013-09
4.73,2013-09
7.37,2013-09
4.56,2013-09
8.47,2013-09
7.04,2013-09
5.39,2013-09
5.17,2013-09
5.43,2013-09
3.75,2013-09
5.41,2013-09
5.41,2013-09
6.5,2013-09
3.72,2013-09
6.69,2013-09
14.78,2013-09
13.78,2013-09
12.37,2013-09
11.62,2013-09
14.89,2013-09
8.39,2013-09
15.39,2013-09
15.34,2013-09
13.18,2013-09
14.61,2013-09
11.68,2013-09
11.74,2013-09
14.51,2013-09
13.97,2013-09
17.75,2013-09
11.75,2013-09
13.45,2013-09
13.3,2013-09
14.63,2013-09
13.06,2013-09
14.46,2013-09
13,2013-09
10.76,2013-09
13.57,2013-09
15.66,2013-09
11.38,2013-09
15.51,2013-09
13.59,2013-09
12.38,2013-09
13.66,2013-09
12.9,2013-09
11.39,2013-09
13.94,2013-09
11.48,2013-09
12.47,2013-09
11.98,2013-09
13.62,2013-09
12.71,2013-09
13.96,2013-09
12.7,2013-09
11.58,2013-09
11.21,2013-09
13.6,2013-09
12.37,2013-09
12.23,2013-09
14.2,2013-09
13.21,2013-09
15.2,2013-09
10.92,2013-09
13.93,2013-09
14.54,2013-09
15.04,2013-09
11.99,2013-09
15.19,2013-09
15.28,2013-09
17.08,2013-09
14.09,2013-09
16.92,2013-09
12.97,2013-09
12.69,2013-09
19.19,2013-09
14.79,2013-09
13.32,2013-09
15.08,2013-09
12.55,2013-09
9.87,2013-09
14.45,2013-09
23.46,2013-09
23.08,2013-09
19.67,2013-09
28.3,2013-09
22.12,2013-09
23.75,2013-09
23.09,2013-09
17.87,2013-09
20.78,2013-09
23.36,2013-09
26.94,2013-09
24.93,2013-09
20.52,2013-09
22.65,2013-09
18.74,2013-09
23.59,2013-09
25.91,2013-09
22.58,2013-09
24.02,2013-09
24.18,2013-09
21.13,2013-09
23.25,2013-09
23.69,2013-09
21.42,2013-09
23.58,2013-09
22.93,2013-09
20.69,2013-09
19.7,2013-09
24.28,2013-09
22.8,2013-09
22.89,2013-09
25.34,2013-09
25.49,2013-09
21.42,2013-09
21.88,2013-09
22.02,2013-09
20.65,2013-09
28.16,2013-09
29.67,2013-09
30.31,2013-09
31.63,2013-09
34.71,2013-09
28.73,2013-09
29.06,2013-09
27.43,2013-09
32.44,2013-09
31.7,2013-09
32.24,2013-09
29.39,2013-09
30.74,2013-09
33.46,2013-09
31.06,2013-09
31.55,2013-09
29.98,2013-09
35.7,2013-09
35.08,2013-09
31.29,2013-09
32.53,2013-09
36.07,2013-09
33.43,2013-09
34.65,2013-09
37.07,2013-09
35.94,2013-09
35,2013-09
35.79,2013-09
30.8,2013-09
35.07,2013-09
41.33,2013-09
4.44,2014-03
3,2014-03
3.48,2014-03
5.72,2014-03
2.49,2014-03
3.07,2014-03
4.05,2014-03
2.59,2014-03
4.36,2014-03
2.13,2014-03
4.52,2014-03
4.28,2014-03
2.89,2014-03
2.99,2014-03
3.32,2014-03
4.07,2014-03
1.95,2014-03
2.42,2014-03
3.17,2014-03
3.3,2014-03
3.95,2014-03
2.68,2014-03
5.13,2014-03
1.94,2014-03
4.43,2014-03
3.19,2014-03
4.61,2014-03
2.05,2014-03
2.75,2014-03
4.54,2014-03
5.48,2014-03
3.33,2014-03
2.87,2014-03
3.33,2014-03
3.73,2014-03
3.6,2014-03
0.76,2014-03
4.27,2014-03
4.63,2014-03
3.97,2014-03
5.2,2014-03
5.17,2014-03
3.63,2014-03
2.87,2014-03
3.44,2014-03
3,2014-03
2.51,2014-03
3.86,2014-03
2.63,2014-03
3.54,2014-03
4,2014-03
3.08,2014-03
2.31,2014-03
7.08,2014-03
6.04,2014-03
3.86,2014-03
2.72,2014-03
5.23,2014-03
4.38,2014-03
2.58,2014-03
5.09,2014-03
5.3,2014-03
4.67,2014-03
3.02,2014-03
1.52,2014-03
4.14,2014-03
4.35,2014-03
4.31,2014-03
4.18,2014-03
4.46,2014-03
3.8,2014-03
3.38,2014-03
3.07,2014-03
4.77,2014-03
5.4,2014-03
5.48,2014-03
4.71,2014-03
3.68,2014-03
3.38,2014-03
4.41,2014-03
4.82,2014-03
4.5,2014-03
6.65,2014-03
4.28,2014-03
3.52,2014-03
1.75,2014-03
4.13,2014-03
5.49,2014-03
2.86,2014-03
3.71,2014-03
4.85,2014-03
5.74,2014-03
4.7,2014-03
4.64,2014-03
3.21,2014-03
3.2,2014-03
3.64,2014-03
5.99,2014-03
3.91,2014-03
2.58,2014-03
2.51,2014-03
3.96,2014-03
4.98,2014-03
3.78,2014-03
1.97,2014-03
4.2,2014-03
2.48,2014-03
3.58,2014-03
4.49,2014-03
4.7,2014-03
4.59,2014-03
3.83,2014-03
3.99,2014-03
3.53,2014-03
4.55,2014-03
3.28,2014-03
3.71,2014-03
6.03,2014-03
5.15,2014-03
4.13,2014-03
5.18,2014-03
2.49,2014-03
5.78,2014-03
2.75,2014-03
3.8,2014-03
3.64,2014-03
2.59,2014-03
5.41,2014-03
3.43,2014-03
4.92,2014-03
3.65,2014-03
4.38,2014-03
3.04,2014-03
3.32,2014-03
2.74,2014-03
3.21,2014-03
3.24,2014-03
2.74,2014-03
3.72,2014-03
3.39,2014-03
2.64,2014-03
4.89,2014-03
5.49,2014-03
6.41,2014-03
4.75,2014-03
4.55,2014-03
6.32,2014-03
2.46,2014-03
5.4,2014-03
6.11,2014-03
3.43,2014-03
3.38,2014-03
3.26,2014-03
2.5,2014-03
3.62,2014-03
4.59,2014-03
3.48,2014-03
2.06,2014-03
2.75,2014-03
2.16,2014-03
5.05,2014-03
4.07,2014-03
5.88,2014-03
4.57,2014-03
2.26,2014-03
1.67,2014-03
5.32,2014-03
1.92,2014-03
5.74,2014-03
5.08,2014-03
2.59,2014-03
3.13,2014-03
2.54,2014-03
3.38,2014-03
3.65,2014-03
3.49,2014-03
6.66,2014-03
2.84,2014-03
4.51,2014-03
4.27,2014-03
5.34,2014-03
4.54,2014-03
2.25,2014-03
3.45,2014-03
5.5,2014-03
3.73,2014-03
3.27,2014-03
4.33,2014-03
3.24,2014-03
4.58,2014-03
4.84,2014-03
3.36,2014-03
5.06,2014-03
4.42,2014-03
2.68,2014-03
4.4,2014-03
2.82,2014-03
3.31,2014-03
3.34,2014-03
5.59,2014-03
4.03,2014-03
1.99,2014-03
3.76,2014-03
4.86,2014-03
4.56,2014-03
4.16,2014-03
5.26,2014-03
2.98,2014-03
3.76,2014-03
4.64,2014-03
4.28,2014-03
4.42,2014-03
5.5,2014-03
1.69,2014-03
5.44,2014-03
2.21,2014-03
2.65,2014-03
2.96,2014-03
4.1,2014-03
4,2014-03
4.3,2014-03
5.19,2014-03
4.44,2014-03
5.39,2014-03
3.39,2014-03
2.75,2014-03
4,2014-03
4.13,2014-03
2.14,2014-03
3.17,2014-03
5.26,2014-03
6.83,2014-03
8.39,2014-03
9.11,2014-03
7.93,2014-03
9.6,2014-03
9.55,2014-03
6.81,2014-03
10.95,2014-03
11.57,2014-03
7.26,2014-03
11.1,2014-03
8.71,2014-03
10.19,2014-03
9.48,2014-03
7.23,2014-03
8.67,2014-03
8.15,2014-03
10.57,2014-03
8.78,2014-03
6.93,2014-03
7.19,2014-03
7.42,2014-03
9.12,2014-03
8.26,2014-03
9.5,2014-03
8.59,2014-03
7.72,2014-03
10.46,2014-03
10.9,2014-03
10.56,2014-03
9.05,2014-03
11.4,2014-03
5.95,2014-03
12.1,2014-03
9.62,2014-03
9.49,2014-03
12.75,2014-03
9.78,2014-03
5.87,2014-03
9.29,2014-03
7.85,2014-03
10.64,2014-03
9.32,2014-03
8.09,2014-03
10.5,2014-03
8.29,2014-03
10.22,2014-03
9.59,2014-03
8.16,2014-03
8.42,2014-03
11.07,2014-03
11.16,2014-03
7.6,2014-03
11.2,2014-03
10.7,2014-03
11.71,2014-03
9.93,2014-03
7.86,2014-03
9.03,2014-03
9.22,2014-03
10.81,2014-03
9.16,2014-03
10.64,2014-03
9.91,2014-03
8.46,2014-03
7.63,2014-03
9.89,2014-03
7.08,2014-03
11.17,2014-03
8.91,2014-03
8.34,2014-03
10.61,2014-03
9.57,2014-03
8.66,2014-03
8,2014-03
8.57,2014-03
11.31,2014-03
10.91,2014-03
10.26,2014-03
9.41,2014-03
6.36,2014-03
8.84,2014-03
10.69,2014-03
10.12,2014-03
9.86,2014-03
12.42,2014-03
10.86,2014-03
7.96,2014-03
12.23,2014-03
9.08,2014-03
7.46,2014-03
9.91,2014-03
11.62,2014-03
7.47,2014-03
11.61,2014-03
9.61,2014-03
8.65,2014-03
8.42,2014-03
12.25,2014-03
11.14,2014-03
9.85,2014-03
11.85,2014-03
11.91,2014-03
8.65,2014-03
10.83,2014-03
10.96,2014-03
10.04,2014-03
8.12,2014-03
8.6,2014-03
10.53,2014-03
7.18,2014-03
8.91,2014-03
11.54,2014-03
10.5,2014-03
9.26,2014-03
9.87,2014-03
8.76,2014-03
9.6,2014-03
9.92,2014-03
9.26,2014-03
10.87,2014-03
9.47,2014-03
9.91,2014-03
8.1,2014-03
10.85,2014-03
8.21,2014-03
8.71,2014-03
14.16,2014-03
16.05,2014-03
20.99,2014-03
20.53,2014-03
20.95,2014-03
19.55,2014-03
16.79,2014-03
15.63,2014-03
17.05,2014-03
18.52,2014-03
14.3,2014-03
15.87,2014-03
19.27,2014-03
17.5,2014-03
17.85,2014-03
20.15,2014-03
18.23,2014-03
15.65,2014-03
17.05,2014-03
12.55,2014-03
22.24,2014-03
20.6,2014-03
15.92,2014-03
14.93,2014-03
15.74,2014-03
17.29,2014-03
21.14,2014-03
16.67,2014-03
18.83,2014-03
19.63,2014-03
17.45,2014-03
23.7,2014-03
21.8,2014-03
17.04,2014-03
15.42,2014-03
20.62,2014-03
18.86,2014-03
19.65,2014-03
17.22,2014-03
14.99,2014-03
19.09,2014-03
16.55,2014-03
18.89,2014-03
20.6,2014-03
16.49,2014-03
19.31,2014-03
14.86,2014-03
21.4,2014-03
18.52,2014-03
16.59,2014-03
16.98,2014-03
19.49,2014-03
13.55,2014-03
14.34,2014-03
18.94,2014-03
21.1,2014-03
17.99,2014-03
22.91,2014-03
12.76,2014-03
18.66,2014-03
21.87,2014-03
15.65,2014-03
14.78,2014-03
19.95,2014-03
17.88,2014-03
16.27,2014-03
18.76,2014-03
17.2,2014-03
19.68,2014-03
20.8,2014-03
26.71,2014-03
32.01,2014-03
23.28,2014-03
22.5,2014-03
26.27,2014-03
27.13,2014-03
23.25,2014-03
27.38,2014-03
29.17,2014-03
30.03,2014-03
28.09,2014-03
29.41,2014-03
27.09,2014-03
30.97,2014-03
25.22,2014-03
29.53,2014-03
30.23,2014-03
26.53,2014-03
24.48,2014-03
28.69,2014-03
27.2,2014-03
27.5,2014-03
27.84,2014-03
25.34,2014-03
33.07,2014-03
25.53,2014-03
31.75,2014-03
26.4,2014-03
29.41,2014-03
30.85,2014-03
25.19,2014-03
27.68,2014-03
27.16,2014-03
26.09,2014-03
23.06,2014-03
25.71,2014-03
32.22,2014-03
30.2,2014-03
28.56,2014-03
36.4,2014-03
33.88,2014-03
35.04,2014-03
34.24,2014-03
33.25,2014-03
38.48,2014-03
37.8,2014-03
36.82,2014-03
34.87,2014-03
30.54,2014-03
34.1,2014-03
39.14,2014-03
33.83,2014-03
36.31,2014-03
31.57,2014-03
34.74,2014-03
32.03,2014-03
32.57,2014-03
31.56,2014-03
31.66,2014-03
4.61,2014-09
4.21,2014-09
5.98,2014-09
6.61,2014-09
5.88,2014-09
4.06,2014-09
8.03,2014-09
3.89,2014-09
7.38,2014-09
7.92,2014-09
7.51,2014-09
5.8,2014-09
6.44,2014-09
6.76,2014-09
3.78,2014-09
6.22,2014-09
6.2,2014-09
6.58,2014-09
6.16,2014-09
5.27,2014-09
4.94,2014-09
6.42,2014-09
5.13,2014-09
6.26,2014-09
6.11,2014-09
4.56,2014-09
6.53,2014-09
3.83,2014-09
6.43,2014-09
6.58,2014-09
6.41,2014-09
4.89,2014-09
5.95,2014-09
6.49,2014-09
5.77,2014-09
7.76,2014-09
5.51,2014-09
7.96,2014-09
6.11,2014-09
6.25,2014-09
8.28,2014-09
7.94,2014-09
5.88,2014-09
6.75,2014-09
7,2014-09
4.39,2014-09
3.69,2014-09
4.81,2014-09
5.35,2014-09
5.68,2014-09
9.33,2014-09
5.66,2014-09
6.08,2014-09
8,2014-09
4.84,2014-09
5.45,2014-09
5.5,2014-09
7.39,2014-09
9.28,2014-09
4.63,2014-09
6.53,2014-09
5.97,2014-09
6.11,2014-09
7.38,2014-09
5.32,2014-09
8.06,2014-09
4.82,2014-09
4.15,2014-09
8.39,2014-09
6.65,2014-09
7.46,2014-09
5.82,2014-09
5.9,2014-09
7.41,2014-09
6.83,2014-09
5.61,2014-09
7.5,2014-09
5.52,2014-09
7.3,2014-09
7.3,2014-09
6.73,2014-09
6.31,2014-09
5.52,2014-09
4.5,2014-09
5.14,2014-09
8.47,2014-09
6.9,2014-09
6.16,2014-09
7.39,2014-09
4.61,2014-09
4.85,2014-09
5.1,2014-09
5.91,2014-09
11.52,2014-09
9.04,2014-09
7.07,2014-09
8.38,2014-09
6.64,2014-09
6.38,2014-09
6.21,2014-09
7.99,2014-09
6.8,2014-09
7.61,2014-09
3.98,2014-09
7.29,2014-09
6.72,2014-09
5.51,2014-09
2.97,2014-09
5.31,2014-09
5.94,2014-09
3.44,2014-09
6.52,2014-09
5.71,2014-09
5.76,2014-09
6.37,2014-09
7.28,2014-09
6.56,2014-09
7.68,2014-09
7.38,2014-09
3.65,2014-09
3.27,2014-09
3.74,2014-09
6.27,2014-09
5.36,2014-09
5.78,2014-09
3.75,2014-09
7.33,2014-09
4.82,2014-09
6.24,2014-09
5.95,2014-09
6.1,2014-09
5.63,2014-09
12.36,2014-09
10.99,2014-09
12.32,2014-09
9.56,2014-09
14.37,2014-09
12.18,2014-09
14.12,2014-09
12.22,2014-09
13.88,2014-09
14.15,2014-09
11.88,2014-09
13.53,2014-09
13.72,2014-09
14.14,2014-09
13.68,2014-09
12.05,2014-09
14.93,2014-09
15.05,2014-09
12.59,2014-09
15.08,2014-09
12.77,2014-09
12.16,2014-09
13.57,2014-09
11.25,2014-09
16.53,2014-09
14.23,2014-09
12.77,2014-09
13.32,2014-09
13.61,2014-09
11.11,2014-09
14.84,2014-09
11.36,2014-09
15.34,2014-09
12.39,2014-09
12.36,2014-09
13.5,2014-09
15.14,2014-09
10.83,2014-09
15.7,2014-09
15.01,2014-09
12.37,2014-09
12.53,2014-09
13.35,2014-09
12.37,2014-09
14.16,2014-09
14.18,2014-09
12.82,2014-09
13.88,2014-09
13.29,2014-09
9.92,2014-09
14.66,2014-09
13.41,2014-09
12.06,2014-09
8.62,2014-09
12.83,2014-09
10.29,2014-09
15.59,2014-09
12.09,2014-09
13.72,2014-09
13.62,2014-09
9.62,2014-09
15.18,2014-09
14.82,2014-09
14,2014-09
12.37,2014-09
14.73,2014-09
12.9,2014-09
15.21,2014-09
13.93,2014-09
15.1,2014-09
9.24,2014-09
12.14,2014-09
9.9,2014-09
22.13,2014-09
22.97,2014-09
23.75,2014-09
27.62,2014-09
21.31,2014-09
21.47,2014-09
24.06,2014-09
23.33,2014-09
19.68,2014-09
24.28,2014-09
21.43,2014-09
25.49,2014-09
22.59,2014-09
23.27,2014-09
19.78,2014-09
22.95,2014-09
24.39,2014-09
23.8,2014-09
24.04,2014-09
21.67,2014-09
22.72,2014-09
24.46,2014-09
23.37,2014-09
22.78,2014-09
26.41,2014-09
21.52,2014-09
17.93,2014-09
24.4,2014-09
22.51,2014-09
20.04,2014-09
23.39,2014-09
25.68,2014-09
22.47,2014-09
21.71,2014-09
21.93,2014-09
18.74,2014-09
21,2014-09
23.2,2014-09
21.94,2014-09
24.19,2014-09
30.74,2014-09
28.81,2014-09
28.31,2014-09
26.52,2014-09
32.64,2014-09
29.83,2014-09
32.11,2014-09
34.52,2014-09
31.86,2014-09
29.17,2014-09
34.88,2014-09
26.13,2014-09
29.16,2014-09
31.96,2014-09
31.12,2014-09
29.29,2014-09
29.33,2014-09
28.92,2014-09
34.25,2014-09
34.56,2014-09
30.9,2014-09
31.35,2014-09
35.24,2014-09
32.35,2014-09
37.93,2014-09
38.32,2014-09
35.42,2014-09
37.32,2014-09
38.78,2014-09
36.99,2014-09
38.39,2014-09
34.79,2014-09
37.69,2014-09
31.8,2014-09
